<?xml version="1.0" encoding="UTF-8"?>
<metadata xml:lang="en"><Esri><CreaDate>20221108</CreaDate><CreaTime>23083900</CreaTime><ArcGISFormat>1.0</ArcGISFormat><ArcGISstyle>FGDC CSDGM Metadata</ArcGISstyle><SyncOnce>FALSE</SyncOnce><DataProperties><itemProps><itemName Sync="TRUE">ACS_2019_5YR_BG</itemName><imsContentType Sync="TRUE">002</imsContentType><itemLocation><linkage Sync="TRUE">file://\\batch6.ditd.census.gov\mtdata012_SDCPB\ACE\ACS2019\GDB\ACS_2019_5YR_BG.gdb</linkage><protocol Sync="TRUE">Local Area Network</protocol></itemLocation></itemProps><coordRef><type Sync="TRUE">Geographic</type><geogcsn Sync="TRUE">GCS_North_American_1983</geogcsn><csUnits Sync="TRUE">Angular Unit: Degree (0.017453)</csUnits><peXml Sync="TRUE">&lt;GeographicCoordinateSystem xsi:type='typens:GeographicCoordinateSystem' xmlns:xsi='http://www.w3.org/2001/XMLSchema-instance' xmlns:xs='http://www.w3.org/2001/XMLSchema' xmlns:typens='http://www.esri.com/schemas/ArcGIS/10.8'&gt;&lt;WKT&gt;GEOGCS[&amp;quot;GCS_North_American_1983&amp;quot;,DATUM[&amp;quot;D_North_American_1983&amp;quot;,SPHEROID[&amp;quot;GRS_1980&amp;quot;,6378137.0,298.257222101]],PRIMEM[&amp;quot;Greenwich&amp;quot;,0.0],UNIT[&amp;quot;Degree&amp;quot;,0.0174532925199433],AUTHORITY[&amp;quot;EPSG&amp;quot;,4269]]&lt;/WKT&gt;&lt;XOrigin&gt;-400&lt;/XOrigin&gt;&lt;YOrigin&gt;-400&lt;/YOrigin&gt;&lt;XYScale&gt;1111948722.2222221&lt;/XYScale&gt;&lt;ZOrigin&gt;-100000&lt;/ZOrigin&gt;&lt;ZScale&gt;10000&lt;/ZScale&gt;&lt;MOrigin&gt;-100000&lt;/MOrigin&gt;&lt;MScale&gt;10000&lt;/MScale&gt;&lt;XYTolerance&gt;8.9831528411952133e-09&lt;/XYTolerance&gt;&lt;ZTolerance&gt;0.001&lt;/ZTolerance&gt;&lt;MTolerance&gt;0.001&lt;/MTolerance&gt;&lt;HighPrecision&gt;true&lt;/HighPrecision&gt;&lt;LeftLongitude&gt;-180&lt;/LeftLongitude&gt;&lt;WKID&gt;4269&lt;/WKID&gt;&lt;LatestWKID&gt;4269&lt;/LatestWKID&gt;&lt;/GeographicCoordinateSystem&gt;</peXml></coordRef><lineage><Process ToolSource="c:\program files (x86)\arcgis\desktop10.8\ArcToolbox\Toolboxes\Data Management Tools.tbx\CopyFeatures" Date="20210309" Time="134302">CopyFeatures \\batch6.ditd.census.gov\mtdata003_geo_shpgen\tigerline\fe_2019\01\tl_2019_01_bg.shp \\batch6.ditd.census.gov\mtdata012_SDCPB\ACE\ACS2019\GDB\ACS_2019_5YR_BG.gdb\ACS_2019_5YR_BG # 0 0 0</Process><Process ToolSource="c:\program files (x86)\arcgis\desktop10.8\ArcToolbox\Toolboxes\Data Management Tools.tbx\Append" Date="20210309" Time="134316">Append \\batch6.ditd.census.gov\mtdata003_geo_shpgen\tigerline\fe_2019\02\tl_2019_02_bg.shp \\batch6.ditd.census.gov\mtdata012_SDCPB\ACE\ACS2019\GDB\ACS_2019_5YR_BG.gdb\ACS_2019_5YR_BG TEST # #</Process><Process ToolSource="c:\program files (x86)\arcgis\desktop10.8\ArcToolbox\Toolboxes\Data Management Tools.tbx\Append" Date="20210309" Time="134328">Append \\batch6.ditd.census.gov\mtdata003_geo_shpgen\tigerline\fe_2019\04\tl_2019_04_bg.shp \\batch6.ditd.census.gov\mtdata012_SDCPB\ACE\ACS2019\GDB\ACS_2019_5YR_BG.gdb\ACS_2019_5YR_BG TEST # #</Process><Process ToolSource="c:\program files (x86)\arcgis\desktop10.8\ArcToolbox\Toolboxes\Data Management Tools.tbx\Append" Date="20210309" Time="134340">Append \\batch6.ditd.census.gov\mtdata003_geo_shpgen\tigerline\fe_2019\05\tl_2019_05_bg.shp \\batch6.ditd.census.gov\mtdata012_SDCPB\ACE\ACS2019\GDB\ACS_2019_5YR_BG.gdb\ACS_2019_5YR_BG TEST # #</Process><Process ToolSource="c:\program files (x86)\arcgis\desktop10.8\ArcToolbox\Toolboxes\Data Management Tools.tbx\Append" Date="20210309" Time="134401">Append \\batch6.ditd.census.gov\mtdata003_geo_shpgen\tigerline\fe_2019\06\tl_2019_06_bg.shp \\batch6.ditd.census.gov\mtdata012_SDCPB\ACE\ACS2019\GDB\ACS_2019_5YR_BG.gdb\ACS_2019_5YR_BG TEST # #</Process><Process ToolSource="c:\program files (x86)\arcgis\desktop10.8\ArcToolbox\Toolboxes\Data Management Tools.tbx\Append" Date="20210309" Time="134419">Append \\batch6.ditd.census.gov\mtdata003_geo_shpgen\tigerline\fe_2019\08\tl_2019_08_bg.shp \\batch6.ditd.census.gov\mtdata012_SDCPB\ACE\ACS2019\GDB\ACS_2019_5YR_BG.gdb\ACS_2019_5YR_BG TEST # #</Process><Process ToolSource="c:\program files (x86)\arcgis\desktop10.8\ArcToolbox\Toolboxes\Data Management Tools.tbx\Append" Date="20210309" Time="134436">Append \\batch6.ditd.census.gov\mtdata003_geo_shpgen\tigerline\fe_2019\09\tl_2019_09_bg.shp \\batch6.ditd.census.gov\mtdata012_SDCPB\ACE\ACS2019\GDB\ACS_2019_5YR_BG.gdb\ACS_2019_5YR_BG TEST # #</Process><Process ToolSource="c:\program files (x86)\arcgis\desktop10.8\ArcToolbox\Toolboxes\Data Management Tools.tbx\Append" Date="20210309" Time="134452">Append \\batch6.ditd.census.gov\mtdata003_geo_shpgen\tigerline\fe_2019\10\tl_2019_10_bg.shp \\batch6.ditd.census.gov\mtdata012_SDCPB\ACE\ACS2019\GDB\ACS_2019_5YR_BG.gdb\ACS_2019_5YR_BG TEST # #</Process><Process ToolSource="c:\program files (x86)\arcgis\desktop10.8\ArcToolbox\Toolboxes\Data Management Tools.tbx\Append" Date="20210309" Time="134504">Append \\batch6.ditd.census.gov\mtdata003_geo_shpgen\tigerline\fe_2019\11\tl_2019_11_bg.shp \\batch6.ditd.census.gov\mtdata012_SDCPB\ACE\ACS2019\GDB\ACS_2019_5YR_BG.gdb\ACS_2019_5YR_BG TEST # #</Process><Process ToolSource="c:\program files (x86)\arcgis\desktop10.8\ArcToolbox\Toolboxes\Data Management Tools.tbx\Append" Date="20210309" Time="134517">Append \\batch6.ditd.census.gov\mtdata003_geo_shpgen\tigerline\fe_2019\12\tl_2019_12_bg.shp \\batch6.ditd.census.gov\mtdata012_SDCPB\ACE\ACS2019\GDB\ACS_2019_5YR_BG.gdb\ACS_2019_5YR_BG TEST # #</Process><Process ToolSource="c:\program files (x86)\arcgis\desktop10.8\ArcToolbox\Toolboxes\Data Management Tools.tbx\Append" Date="20210309" Time="134535">Append \\batch6.ditd.census.gov\mtdata003_geo_shpgen\tigerline\fe_2019\13\tl_2019_13_bg.shp \\batch6.ditd.census.gov\mtdata012_SDCPB\ACE\ACS2019\GDB\ACS_2019_5YR_BG.gdb\ACS_2019_5YR_BG TEST # #</Process><Process ToolSource="c:\program files (x86)\arcgis\desktop10.8\ArcToolbox\Toolboxes\Data Management Tools.tbx\Append" Date="20210309" Time="134552">Append \\batch6.ditd.census.gov\mtdata003_geo_shpgen\tigerline\fe_2019\15\tl_2019_15_bg.shp \\batch6.ditd.census.gov\mtdata012_SDCPB\ACE\ACS2019\GDB\ACS_2019_5YR_BG.gdb\ACS_2019_5YR_BG TEST # #</Process><Process ToolSource="c:\program files (x86)\arcgis\desktop10.8\ArcToolbox\Toolboxes\Data Management Tools.tbx\Append" Date="20210309" Time="134609">Append \\batch6.ditd.census.gov\mtdata003_geo_shpgen\tigerline\fe_2019\16\tl_2019_16_bg.shp \\batch6.ditd.census.gov\mtdata012_SDCPB\ACE\ACS2019\GDB\ACS_2019_5YR_BG.gdb\ACS_2019_5YR_BG TEST # #</Process><Process ToolSource="c:\program files (x86)\arcgis\desktop10.8\ArcToolbox\Toolboxes\Data Management Tools.tbx\Append" Date="20210309" Time="134630">Append \\batch6.ditd.census.gov\mtdata003_geo_shpgen\tigerline\fe_2019\17\tl_2019_17_bg.shp \\batch6.ditd.census.gov\mtdata012_SDCPB\ACE\ACS2019\GDB\ACS_2019_5YR_BG.gdb\ACS_2019_5YR_BG TEST # #</Process><Process ToolSource="c:\program files (x86)\arcgis\desktop10.8\ArcToolbox\Toolboxes\Data Management Tools.tbx\Append" Date="20210309" Time="134646">Append \\batch6.ditd.census.gov\mtdata003_geo_shpgen\tigerline\fe_2019\18\tl_2019_18_bg.shp \\batch6.ditd.census.gov\mtdata012_SDCPB\ACE\ACS2019\GDB\ACS_2019_5YR_BG.gdb\ACS_2019_5YR_BG TEST # #</Process><Process ToolSource="c:\program files (x86)\arcgis\desktop10.8\ArcToolbox\Toolboxes\Data Management Tools.tbx\Append" Date="20210309" Time="134714">Append \\batch6.ditd.census.gov\mtdata003_geo_shpgen\tigerline\fe_2019\19\tl_2019_19_bg.shp \\batch6.ditd.census.gov\mtdata012_SDCPB\ACE\ACS2019\GDB\ACS_2019_5YR_BG.gdb\ACS_2019_5YR_BG TEST # #</Process><Process ToolSource="c:\program files (x86)\arcgis\desktop10.8\ArcToolbox\Toolboxes\Data Management Tools.tbx\Append" Date="20210309" Time="134748">Append \\batch6.ditd.census.gov\mtdata003_geo_shpgen\tigerline\fe_2019\20\tl_2019_20_bg.shp \\batch6.ditd.census.gov\mtdata012_SDCPB\ACE\ACS2019\GDB\ACS_2019_5YR_BG.gdb\ACS_2019_5YR_BG TEST # #</Process><Process ToolSource="c:\program files (x86)\arcgis\desktop10.8\ArcToolbox\Toolboxes\Data Management Tools.tbx\Append" Date="20210309" Time="134818">Append \\batch6.ditd.census.gov\mtdata003_geo_shpgen\tigerline\fe_2019\21\tl_2019_21_bg.shp \\batch6.ditd.census.gov\mtdata012_SDCPB\ACE\ACS2019\GDB\ACS_2019_5YR_BG.gdb\ACS_2019_5YR_BG TEST # #</Process><Process ToolSource="c:\program files (x86)\arcgis\desktop10.8\ArcToolbox\Toolboxes\Data Management Tools.tbx\Append" Date="20210309" Time="134847">Append \\batch6.ditd.census.gov\mtdata003_geo_shpgen\tigerline\fe_2019\22\tl_2019_22_bg.shp \\batch6.ditd.census.gov\mtdata012_SDCPB\ACE\ACS2019\GDB\ACS_2019_5YR_BG.gdb\ACS_2019_5YR_BG TEST # #</Process><Process ToolSource="c:\program files (x86)\arcgis\desktop10.8\ArcToolbox\Toolboxes\Data Management Tools.tbx\Append" Date="20210309" Time="134918">Append \\batch6.ditd.census.gov\mtdata003_geo_shpgen\tigerline\fe_2019\23\tl_2019_23_bg.shp \\batch6.ditd.census.gov\mtdata012_SDCPB\ACE\ACS2019\GDB\ACS_2019_5YR_BG.gdb\ACS_2019_5YR_BG TEST # #</Process><Process ToolSource="c:\program files (x86)\arcgis\desktop10.8\ArcToolbox\Toolboxes\Data Management Tools.tbx\Append" Date="20210309" Time="134951">Append \\batch6.ditd.census.gov\mtdata003_geo_shpgen\tigerline\fe_2019\24\tl_2019_24_bg.shp \\batch6.ditd.census.gov\mtdata012_SDCPB\ACE\ACS2019\GDB\ACS_2019_5YR_BG.gdb\ACS_2019_5YR_BG TEST # #</Process><Process ToolSource="c:\program files (x86)\arcgis\desktop10.8\ArcToolbox\Toolboxes\Data Management Tools.tbx\Append" Date="20210309" Time="135022">Append \\batch6.ditd.census.gov\mtdata003_geo_shpgen\tigerline\fe_2019\25\tl_2019_25_bg.shp \\batch6.ditd.census.gov\mtdata012_SDCPB\ACE\ACS2019\GDB\ACS_2019_5YR_BG.gdb\ACS_2019_5YR_BG TEST # #</Process><Process ToolSource="c:\program files (x86)\arcgis\desktop10.8\ArcToolbox\Toolboxes\Data Management Tools.tbx\Append" Date="20210309" Time="135058">Append \\batch6.ditd.census.gov\mtdata003_geo_shpgen\tigerline\fe_2019\26\tl_2019_26_bg.shp \\batch6.ditd.census.gov\mtdata012_SDCPB\ACE\ACS2019\GDB\ACS_2019_5YR_BG.gdb\ACS_2019_5YR_BG TEST # #</Process><Process ToolSource="c:\program files (x86)\arcgis\desktop10.8\ArcToolbox\Toolboxes\Data Management Tools.tbx\Append" Date="20210309" Time="135134">Append \\batch6.ditd.census.gov\mtdata003_geo_shpgen\tigerline\fe_2019\27\tl_2019_27_bg.shp \\batch6.ditd.census.gov\mtdata012_SDCPB\ACE\ACS2019\GDB\ACS_2019_5YR_BG.gdb\ACS_2019_5YR_BG TEST # #</Process><Process ToolSource="c:\program files (x86)\arcgis\desktop10.8\ArcToolbox\Toolboxes\Data Management Tools.tbx\Append" Date="20210309" Time="135210">Append \\batch6.ditd.census.gov\mtdata003_geo_shpgen\tigerline\fe_2019\28\tl_2019_28_bg.shp \\batch6.ditd.census.gov\mtdata012_SDCPB\ACE\ACS2019\GDB\ACS_2019_5YR_BG.gdb\ACS_2019_5YR_BG TEST # #</Process><Process ToolSource="c:\program files (x86)\arcgis\desktop10.8\ArcToolbox\Toolboxes\Data Management Tools.tbx\Append" Date="20210309" Time="135249">Append \\batch6.ditd.census.gov\mtdata003_geo_shpgen\tigerline\fe_2019\29\tl_2019_29_bg.shp \\batch6.ditd.census.gov\mtdata012_SDCPB\ACE\ACS2019\GDB\ACS_2019_5YR_BG.gdb\ACS_2019_5YR_BG TEST # #</Process><Process ToolSource="c:\program files (x86)\arcgis\desktop10.8\ArcToolbox\Toolboxes\Data Management Tools.tbx\Append" Date="20210309" Time="135327">Append \\batch6.ditd.census.gov\mtdata003_geo_shpgen\tigerline\fe_2019\30\tl_2019_30_bg.shp \\batch6.ditd.census.gov\mtdata012_SDCPB\ACE\ACS2019\GDB\ACS_2019_5YR_BG.gdb\ACS_2019_5YR_BG TEST # #</Process><Process ToolSource="c:\program files (x86)\arcgis\desktop10.8\ArcToolbox\Toolboxes\Data Management Tools.tbx\Append" Date="20210309" Time="135407">Append \\batch6.ditd.census.gov\mtdata003_geo_shpgen\tigerline\fe_2019\31\tl_2019_31_bg.shp \\batch6.ditd.census.gov\mtdata012_SDCPB\ACE\ACS2019\GDB\ACS_2019_5YR_BG.gdb\ACS_2019_5YR_BG TEST # #</Process><Process ToolSource="c:\program files (x86)\arcgis\desktop10.8\ArcToolbox\Toolboxes\Data Management Tools.tbx\Append" Date="20210309" Time="135441">Append \\batch6.ditd.census.gov\mtdata003_geo_shpgen\tigerline\fe_2019\32\tl_2019_32_bg.shp \\batch6.ditd.census.gov\mtdata012_SDCPB\ACE\ACS2019\GDB\ACS_2019_5YR_BG.gdb\ACS_2019_5YR_BG TEST # #</Process><Process ToolSource="c:\program files (x86)\arcgis\desktop10.8\ArcToolbox\Toolboxes\Data Management Tools.tbx\Append" Date="20210309" Time="135519">Append \\batch6.ditd.census.gov\mtdata003_geo_shpgen\tigerline\fe_2019\33\tl_2019_33_bg.shp \\batch6.ditd.census.gov\mtdata012_SDCPB\ACE\ACS2019\GDB\ACS_2019_5YR_BG.gdb\ACS_2019_5YR_BG TEST # #</Process><Process ToolSource="c:\program files (x86)\arcgis\desktop10.8\ArcToolbox\Toolboxes\Data Management Tools.tbx\Append" Date="20210309" Time="135558">Append \\batch6.ditd.census.gov\mtdata003_geo_shpgen\tigerline\fe_2019\34\tl_2019_34_bg.shp \\batch6.ditd.census.gov\mtdata012_SDCPB\ACE\ACS2019\GDB\ACS_2019_5YR_BG.gdb\ACS_2019_5YR_BG TEST # #</Process><Process ToolSource="c:\program files (x86)\arcgis\desktop10.8\ArcToolbox\Toolboxes\Data Management Tools.tbx\Append" Date="20210309" Time="135639">Append \\batch6.ditd.census.gov\mtdata003_geo_shpgen\tigerline\fe_2019\35\tl_2019_35_bg.shp \\batch6.ditd.census.gov\mtdata012_SDCPB\ACE\ACS2019\GDB\ACS_2019_5YR_BG.gdb\ACS_2019_5YR_BG TEST # #</Process><Process ToolSource="c:\program files (x86)\arcgis\desktop10.8\ArcToolbox\Toolboxes\Data Management Tools.tbx\Append" Date="20210309" Time="135725">Append \\batch6.ditd.census.gov\mtdata003_geo_shpgen\tigerline\fe_2019\36\tl_2019_36_bg.shp \\batch6.ditd.census.gov\mtdata012_SDCPB\ACE\ACS2019\GDB\ACS_2019_5YR_BG.gdb\ACS_2019_5YR_BG TEST # #</Process><Process ToolSource="c:\program files (x86)\arcgis\desktop10.8\ArcToolbox\Toolboxes\Data Management Tools.tbx\Append" Date="20210309" Time="135811">Append \\batch6.ditd.census.gov\mtdata003_geo_shpgen\tigerline\fe_2019\37\tl_2019_37_bg.shp \\batch6.ditd.census.gov\mtdata012_SDCPB\ACE\ACS2019\GDB\ACS_2019_5YR_BG.gdb\ACS_2019_5YR_BG TEST # #</Process><Process ToolSource="c:\program files (x86)\arcgis\desktop10.8\ArcToolbox\Toolboxes\Data Management Tools.tbx\Append" Date="20210309" Time="135857">Append \\batch6.ditd.census.gov\mtdata003_geo_shpgen\tigerline\fe_2019\38\tl_2019_38_bg.shp \\batch6.ditd.census.gov\mtdata012_SDCPB\ACE\ACS2019\GDB\ACS_2019_5YR_BG.gdb\ACS_2019_5YR_BG TEST # #</Process><Process ToolSource="c:\program files (x86)\arcgis\desktop10.8\ArcToolbox\Toolboxes\Data Management Tools.tbx\Append" Date="20210309" Time="135949">Append \\batch6.ditd.census.gov\mtdata003_geo_shpgen\tigerline\fe_2019\39\tl_2019_39_bg.shp \\batch6.ditd.census.gov\mtdata012_SDCPB\ACE\ACS2019\GDB\ACS_2019_5YR_BG.gdb\ACS_2019_5YR_BG TEST # #</Process><Process ToolSource="c:\program files (x86)\arcgis\desktop10.8\ArcToolbox\Toolboxes\Data Management Tools.tbx\Append" Date="20210309" Time="140036">Append \\batch6.ditd.census.gov\mtdata003_geo_shpgen\tigerline\fe_2019\40\tl_2019_40_bg.shp \\batch6.ditd.census.gov\mtdata012_SDCPB\ACE\ACS2019\GDB\ACS_2019_5YR_BG.gdb\ACS_2019_5YR_BG TEST # #</Process><Process ToolSource="c:\program files (x86)\arcgis\desktop10.8\ArcToolbox\Toolboxes\Data Management Tools.tbx\Append" Date="20210309" Time="140124">Append \\batch6.ditd.census.gov\mtdata003_geo_shpgen\tigerline\fe_2019\41\tl_2019_41_bg.shp \\batch6.ditd.census.gov\mtdata012_SDCPB\ACE\ACS2019\GDB\ACS_2019_5YR_BG.gdb\ACS_2019_5YR_BG TEST # #</Process><Process ToolSource="c:\program files (x86)\arcgis\desktop10.8\ArcToolbox\Toolboxes\Data Management Tools.tbx\Append" Date="20210309" Time="140213">Append \\batch6.ditd.census.gov\mtdata003_geo_shpgen\tigerline\fe_2019\42\tl_2019_42_bg.shp \\batch6.ditd.census.gov\mtdata012_SDCPB\ACE\ACS2019\GDB\ACS_2019_5YR_BG.gdb\ACS_2019_5YR_BG TEST # #</Process><Process ToolSource="c:\program files (x86)\arcgis\desktop10.8\ArcToolbox\Toolboxes\Data Management Tools.tbx\Append" Date="20210309" Time="140305">Append \\batch6.ditd.census.gov\mtdata003_geo_shpgen\tigerline\fe_2019\44\tl_2019_44_bg.shp \\batch6.ditd.census.gov\mtdata012_SDCPB\ACE\ACS2019\GDB\ACS_2019_5YR_BG.gdb\ACS_2019_5YR_BG TEST # #</Process><Process ToolSource="c:\program files (x86)\arcgis\desktop10.8\ArcToolbox\Toolboxes\Data Management Tools.tbx\Append" Date="20210309" Time="140355">Append \\batch6.ditd.census.gov\mtdata003_geo_shpgen\tigerline\fe_2019\45\tl_2019_45_bg.shp \\batch6.ditd.census.gov\mtdata012_SDCPB\ACE\ACS2019\GDB\ACS_2019_5YR_BG.gdb\ACS_2019_5YR_BG TEST # #</Process><Process ToolSource="c:\program files (x86)\arcgis\desktop10.8\ArcToolbox\Toolboxes\Data Management Tools.tbx\Append" Date="20210309" Time="140447">Append \\batch6.ditd.census.gov\mtdata003_geo_shpgen\tigerline\fe_2019\46\tl_2019_46_bg.shp \\batch6.ditd.census.gov\mtdata012_SDCPB\ACE\ACS2019\GDB\ACS_2019_5YR_BG.gdb\ACS_2019_5YR_BG TEST # #</Process><Process ToolSource="c:\program files (x86)\arcgis\desktop10.8\ArcToolbox\Toolboxes\Data Management Tools.tbx\Append" Date="20210309" Time="140540">Append \\batch6.ditd.census.gov\mtdata003_geo_shpgen\tigerline\fe_2019\47\tl_2019_47_bg.shp \\batch6.ditd.census.gov\mtdata012_SDCPB\ACE\ACS2019\GDB\ACS_2019_5YR_BG.gdb\ACS_2019_5YR_BG TEST # #</Process><Process ToolSource="c:\program files (x86)\arcgis\desktop10.8\ArcToolbox\Toolboxes\Data Management Tools.tbx\Append" Date="20210309" Time="140644">Append \\batch6.ditd.census.gov\mtdata003_geo_shpgen\tigerline\fe_2019\48\tl_2019_48_bg.shp \\batch6.ditd.census.gov\mtdata012_SDCPB\ACE\ACS2019\GDB\ACS_2019_5YR_BG.gdb\ACS_2019_5YR_BG TEST # #</Process><Process ToolSource="c:\program files (x86)\arcgis\desktop10.8\ArcToolbox\Toolboxes\Data Management Tools.tbx\Append" Date="20210309" Time="140747">Append \\batch6.ditd.census.gov\mtdata003_geo_shpgen\tigerline\fe_2019\49\tl_2019_49_bg.shp \\batch6.ditd.census.gov\mtdata012_SDCPB\ACE\ACS2019\GDB\ACS_2019_5YR_BG.gdb\ACS_2019_5YR_BG TEST # #</Process><Process ToolSource="c:\program files (x86)\arcgis\desktop10.8\ArcToolbox\Toolboxes\Data Management Tools.tbx\Append" Date="20210309" Time="140849">Append \\batch6.ditd.census.gov\mtdata003_geo_shpgen\tigerline\fe_2019\50\tl_2019_50_bg.shp \\batch6.ditd.census.gov\mtdata012_SDCPB\ACE\ACS2019\GDB\ACS_2019_5YR_BG.gdb\ACS_2019_5YR_BG TEST # #</Process><Process ToolSource="c:\program files (x86)\arcgis\desktop10.8\ArcToolbox\Toolboxes\Data Management Tools.tbx\Append" Date="20210309" Time="140945">Append \\batch6.ditd.census.gov\mtdata003_geo_shpgen\tigerline\fe_2019\51\tl_2019_51_bg.shp \\batch6.ditd.census.gov\mtdata012_SDCPB\ACE\ACS2019\GDB\ACS_2019_5YR_BG.gdb\ACS_2019_5YR_BG TEST # #</Process><Process ToolSource="c:\program files (x86)\arcgis\desktop10.8\ArcToolbox\Toolboxes\Data Management Tools.tbx\Append" Date="20210309" Time="141045">Append \\batch6.ditd.census.gov\mtdata003_geo_shpgen\tigerline\fe_2019\53\tl_2019_53_bg.shp \\batch6.ditd.census.gov\mtdata012_SDCPB\ACE\ACS2019\GDB\ACS_2019_5YR_BG.gdb\ACS_2019_5YR_BG TEST # #</Process><Process ToolSource="c:\program files (x86)\arcgis\desktop10.8\ArcToolbox\Toolboxes\Data Management Tools.tbx\Append" Date="20210309" Time="141144">Append \\batch6.ditd.census.gov\mtdata003_geo_shpgen\tigerline\fe_2019\54\tl_2019_54_bg.shp \\batch6.ditd.census.gov\mtdata012_SDCPB\ACE\ACS2019\GDB\ACS_2019_5YR_BG.gdb\ACS_2019_5YR_BG TEST # #</Process><Process ToolSource="c:\program files (x86)\arcgis\desktop10.8\ArcToolbox\Toolboxes\Data Management Tools.tbx\Append" Date="20210309" Time="141245">Append \\batch6.ditd.census.gov\mtdata003_geo_shpgen\tigerline\fe_2019\55\tl_2019_55_bg.shp \\batch6.ditd.census.gov\mtdata012_SDCPB\ACE\ACS2019\GDB\ACS_2019_5YR_BG.gdb\ACS_2019_5YR_BG TEST # #</Process><Process ToolSource="c:\program files (x86)\arcgis\desktop10.8\ArcToolbox\Toolboxes\Data Management Tools.tbx\Append" Date="20210309" Time="141345">Append \\batch6.ditd.census.gov\mtdata003_geo_shpgen\tigerline\fe_2019\56\tl_2019_56_bg.shp \\batch6.ditd.census.gov\mtdata012_SDCPB\ACE\ACS2019\GDB\ACS_2019_5YR_BG.gdb\ACS_2019_5YR_BG TEST # #</Process><Process ToolSource="c:\program files (x86)\arcgis\desktop10.8\ArcToolbox\Toolboxes\Data Management Tools.tbx\Append" Date="20210309" Time="141448">Append \\batch6.ditd.census.gov\mtdata003_geo_shpgen\tigerline\fe_2019\72\tl_2019_72_bg.shp \\batch6.ditd.census.gov\mtdata012_SDCPB\ACE\ACS2019\GDB\ACS_2019_5YR_BG.gdb\ACS_2019_5YR_BG TEST # #</Process><Process ToolSource="c:\program files (x86)\arcgis\desktop10.8\ArcToolbox\Toolboxes\Data Management Tools.tbx\AddField" Date="20210317" Time="144532">AddField \\batch6.ditd.census.gov\mtdata012_SDCPB\ACE\ACS2019\GDB\ACS_2019_5YR_BG.gdb\ACS_2019_5YR_BG GEOID_Data TEXT # # 255 # NULLABLE NON_REQUIRED #</Process></lineage></DataProperties><SyncDate>20210309</SyncDate><SyncTime>13425700</SyncTime><ModDate>20210309</ModDate><ModTime>13425700</ModTime></Esri><dataIdInfo><envirDesc Sync="TRUE"> Version 6.2 (Build 9200) ; Esri ArcGIS 10.8.1.14362</envirDesc><dataLang><languageCode value="eng" Sync="TRUE"></languageCode><countryCode value="USA" Sync="TRUE"></countryCode></dataLang><idCitation><resTitle Sync="TRUE">ACS_2019_5YR_BG</resTitle><presForm><PresFormCd value="005" Sync="TRUE"></PresFormCd></presForm></idCitation><spatRpType><SpatRepTypCd value="001" Sync="TRUE"></SpatRepTypCd></spatRpType></dataIdInfo><mdLang><languageCode value="eng" Sync="TRUE"></languageCode><countryCode value="USA" Sync="TRUE"></countryCode></mdLang><distInfo><distFormat><formatName Sync="TRUE">File Geodatabase Feature Class</formatName></distFormat></distInfo><mdHrLv><ScopeCd value="005" Sync="TRUE"></ScopeCd></mdHrLv><mdHrLvName Sync="TRUE">dataset</mdHrLvName><refSysInfo><RefSystem><refSysID><identCode code="4269" Sync="TRUE"></identCode><idCodeSpace Sync="TRUE">EPSG</idCodeSpace><idVersion Sync="TRUE">9.8(3.0.1)</idVersion></refSysID></RefSystem></refSysInfo><spatRepInfo><VectSpatRep><geometObjs Name="ACS_2019_5YR_BG"><geoObjTyp><GeoObjTypCd value="002" Sync="TRUE"></GeoObjTypCd></geoObjTyp><geoObjCnt Sync="TRUE">0</geoObjCnt></geometObjs><topLvl><TopoLevCd value="001" Sync="TRUE"></TopoLevCd></topLvl></VectSpatRep></spatRepInfo><spdoinfo><ptvctinf><esriterm Name="ACS_2019_5YR_BG"><efeatyp Sync="TRUE">Simple</efeatyp><efeageom code="4" Sync="TRUE"></efeageom><esritopo Sync="TRUE">FALSE</esritopo><efeacnt Sync="TRUE">0</efeacnt><spindex Sync="TRUE">TRUE</spindex><linrefer Sync="TRUE">FALSE</linrefer></esriterm></ptvctinf></spdoinfo><eainfo><detailed Name="ACS_2019_5YR_BG"><enttyp><enttypl Sync="TRUE">ACS_2019_5YR_BG</enttypl><enttypt Sync="TRUE">Feature Class</enttypt><enttypc Sync="TRUE">0</enttypc></enttyp><attr><attrlabl Sync="TRUE">OBJECTID</attrlabl><attalias Sync="TRUE">FID</attalias><attrtype Sync="TRUE">OID</attrtype><attwidth Sync="TRUE">4</attwidth><atprecis Sync="TRUE">0</atprecis><attscale Sync="TRUE">0</attscale><attrdef Sync="TRUE">Internal feature number.</attrdef><attrdefs Sync="TRUE">Esri</attrdefs><attrdomv><udom Sync="TRUE">Sequential unique whole numbers that are automatically generated.</udom></attrdomv></attr><attr><attrlabl Sync="TRUE">Shape</attrlabl><attalias Sync="TRUE">Shape</attalias><attrtype Sync="TRUE">Geometry</attrtype><attwidth Sync="TRUE">0</attwidth><atprecis Sync="TRUE">0</atprecis><attscale Sync="TRUE">0</attscale><attrdef Sync="TRUE">Feature geometry.</attrdef><attrdefs Sync="TRUE">Esri</attrdefs><attrdomv><udom Sync="TRUE">Coordinates defining the features.</udom></attrdomv></attr><attr><attrlabl Sync="TRUE">STATEFP</attrlabl><attalias Sync="TRUE">STATEFP</attalias><attrtype Sync="TRUE">String</attrtype><attwidth Sync="TRUE">2</attwidth><atprecis Sync="TRUE">0</atprecis><attscale Sync="TRUE">0</attscale></attr><attr><attrlabl Sync="TRUE">COUNTYFP</attrlabl><attalias Sync="TRUE">COUNTYFP</attalias><attrtype Sync="TRUE">String</attrtype><attwidth Sync="TRUE">3</attwidth><atprecis Sync="TRUE">0</atprecis><attscale Sync="TRUE">0</attscale></attr><attr><attrlabl Sync="TRUE">TRACTCE</attrlabl><attalias Sync="TRUE">TRACTCE</attalias><attrtype Sync="TRUE">String</attrtype><attwidth Sync="TRUE">6</attwidth><atprecis Sync="TRUE">0</atprecis><attscale Sync="TRUE">0</attscale></attr><attr><attrlabl Sync="TRUE">BLKGRPCE</attrlabl><attalias Sync="TRUE">BLKGRPCE</attalias><attrtype Sync="TRUE">String</attrtype><attwidth Sync="TRUE">1</attwidth><atprecis Sync="TRUE">0</atprecis><attscale Sync="TRUE">0</attscale></attr><attr><attrlabl Sync="TRUE">GEOID</attrlabl><attalias Sync="TRUE">GEOID</attalias><attrtype Sync="TRUE">String</attrtype><attwidth Sync="TRUE">12</attwidth><atprecis Sync="TRUE">0</atprecis><attscale Sync="TRUE">0</attscale></attr><attr><attrlabl Sync="TRUE">NAMELSAD</attrlabl><attalias Sync="TRUE">NAMELSAD</attalias><attrtype Sync="TRUE">String</attrtype><attwidth Sync="TRUE">13</attwidth><atprecis Sync="TRUE">0</atprecis><attscale Sync="TRUE">0</attscale></attr><attr><attrlabl Sync="TRUE">MTFCC</attrlabl><attalias Sync="TRUE">MTFCC</attalias><attrtype Sync="TRUE">String</attrtype><attwidth Sync="TRUE">5</attwidth><atprecis Sync="TRUE">0</atprecis><attscale Sync="TRUE">0</attscale></attr><attr><attrlabl Sync="TRUE">FUNCSTAT</attrlabl><attalias Sync="TRUE">FUNCSTAT</attalias><attrtype Sync="TRUE">String</attrtype><attwidth Sync="TRUE">1</attwidth><atprecis Sync="TRUE">0</atprecis><attscale Sync="TRUE">0</attscale></attr><attr><attrlabl Sync="TRUE">ALAND</attrlabl><attalias Sync="TRUE">ALAND</attalias><attrtype Sync="TRUE">Double</attrtype><attwidth Sync="TRUE">8</attwidth><atprecis Sync="TRUE">0</atprecis><attscale Sync="TRUE">0</attscale></attr><attr><attrlabl Sync="TRUE">AWATER</attrlabl><attalias Sync="TRUE">AWATER</attalias><attrtype Sync="TRUE">Double</attrtype><attwidth Sync="TRUE">8</attwidth><atprecis Sync="TRUE">0</atprecis><attscale Sync="TRUE">0</attscale></attr><attr><attrlabl Sync="TRUE">INTPTLAT</attrlabl><attalias Sync="TRUE">INTPTLAT</attalias><attrtype Sync="TRUE">String</attrtype><attwidth Sync="TRUE">11</attwidth><atprecis Sync="TRUE">0</atprecis><attscale Sync="TRUE">0</attscale></attr><attr><attrlabl Sync="TRUE">INTPTLON</attrlabl><attalias Sync="TRUE">INTPTLON</attalias><attrtype Sync="TRUE">String</attrtype><attwidth Sync="TRUE">12</attwidth><atprecis Sync="TRUE">0</atprecis><attscale Sync="TRUE">0</attscale></attr><attr><attrlabl Sync="TRUE">Shape_Length</attrlabl><attalias Sync="TRUE">Shape_Length</attalias><attrtype Sync="TRUE">Double</attrtype><attwidth Sync="TRUE">8</attwidth><atprecis Sync="TRUE">0</atprecis><attscale Sync="TRUE">0</attscale><attrdef Sync="TRUE">Length of feature in internal units.</attrdef><attrdefs Sync="TRUE">Esri</attrdefs><attrdomv><udom Sync="TRUE">Positive real numbers that are automatically generated.</udom></attrdomv></attr><attr><attrlabl Sync="TRUE">Shape_Area</attrlabl><attalias Sync="TRUE">Shape_Area</attalias><attrtype Sync="TRUE">Double</attrtype><attwidth Sync="TRUE">8</attwidth><atprecis Sync="TRUE">0</atprecis><attscale Sync="TRUE">0</attscale><attrdef Sync="TRUE">Area of feature in internal units squared.</attrdef><attrdefs Sync="TRUE">Esri</attrdefs><attrdomv><udom Sync="TRUE">Positive real numbers that are automatically generated.</udom></attrdomv></attr></detailed></eainfo><mdDateSt Sync="TRUE">20210309</mdDateSt></metadata>
